City_ID,City,Lat,Lng,Max Temp,Humidity,Cloudiness,Wind Speed,Country,Date
0,souillac,-20.5167,57.5167,26.21,69,40,3.09,MU,1676227239
1,claveria,18.6074,121.0832,22.97,86,3,2.72,PH,1676227239
2,vaini,-21.2,-175.2,25.09,94,75,2.06,TO,1676227240
3,puerto leguizamo,-0.1934,-74.7819,32.93,46,55,1.62,CO,1676227240
4,barrow,71.2906,-156.7887,-26.99,76,0,6.69,US,1676227241
5,kutum,14.2,24.6667,20.01,18,0,4.4,SD,1676227241
6,hermanus,-34.4187,19.2345,22.11,77,69,2.69,ZA,1676227241
7,cape town,-33.9258,18.4232,22.16,82,75,7.2,ZA,1676227226
8,punta arenas,-53.15,-70.9167,10.06,62,20,10.29,CL,1676227060
9,saint george,37.1041,-113.5841,10.7,35,0,1.54,US,1676227242
10,puerto ayora,-0.7393,-90.3518,29.98,86,93,3.13,EC,1676227243
11,bredasdorp,-34.5322,20.0403,23.61,63,66,2.76,ZA,1676227243
12,meybod,32.2501,54.0166,7.01,50,100,1.69,IR,1676227243
13,daru,-9.0763,143.2092,25.2,85,100,4.78,PG,1676227244
14,aykhal,66.0,111.5,-28.25,100,27,1.94,RU,1676227244
15,jamestown,42.097,-79.2353,9.73,33,0,2.57,US,1676227244
16,lalin,42.7167,-8.1167,10.03,73,45,2.02,ES,1676227038
17,ushuaia,-54.8,-68.3,11.79,54,75,6.17,AR,1676227245
18,salym,60.0625,71.4789,-14.79,95,100,3.46,RU,1676227245
19,rikitea,-23.1203,-134.9692,25.58,69,13,0.95,PF,1676227246
20,rorvik,64.8621,11.2373,6.06,70,75,6.17,NO,1676227246
21,mandera,3.9366,41.867,29.65,16,0,4.98,KE,1676227247
22,plettenberg bay,-34.0527,23.3716,20.29,89,0,1.82,ZA,1676227247
23,yellowknife,62.456,-114.3525,-19.69,77,75,1.03,CA,1676227248
24,busselton,-33.65,115.3333,14.69,77,0,4.66,AU,1676227248
25,oranjemund,-28.55,16.4333,18.48,88,0,2.71,NA,1676227248
26,comodoro rivadavia,-45.8667,-67.5,19.92,22,0,6.69,AR,1676227249
27,asau,46.4333,26.4,-0.49,94,26,1.97,RO,1676227249
28,port said,31.2565,32.2841,14.24,48,100,4.02,EG,1676227249
29,shingu,33.7333,135.9833,10.39,93,100,0.63,JP,1676227250
30,praia,14.9215,-23.5087,23.3,46,75,7.72,CV,1676227250
31,yining,29.0361,114.5636,8.21,93,100,1.61,CN,1676227250
32,kapaa,22.0752,-159.319,23.18,79,75,9.26,US,1676227251
33,ahipara,-35.1667,173.1667,18.9,93,100,9.79,NZ,1676227251
34,avarua,-21.2078,-159.775,25.03,88,75,3.09,CK,1676227252
35,haines junction,60.7522,-137.5108,-11.03,85,100,0.51,CA,1676227252
36,neuquen,-38.9516,-68.0591,33.94,16,0,4.63,AR,1676227164
37,atuona,-9.8,-139.0333,26.02,75,1,7.69,PF,1676227253
38,dikson,73.5069,80.5464,-11.22,91,100,8.6,RU,1676227253
39,luderitz,-26.6481,15.1594,18.16,89,0,2.83,NA,1676227253
40,guerrero negro,27.9769,-114.0611,15.01,58,99,3.71,MX,1676227254
41,mar del plata,-38.0023,-57.5575,32.27,69,40,8.75,AR,1676226957
42,mana,5.6592,-53.7767,26.81,74,100,4.94,GF,1676227056
43,kavieng,-2.5744,150.7967,26.84,77,100,0.9,PG,1676227254
44,caravelas,-17.7125,-39.2481,28.88,64,11,4.08,BR,1676227315
45,los llanos de aridane,28.6585,-17.9182,16.86,75,40,1.54,ES,1676227065
46,brownsville,25.9018,-97.4975,20.61,26,0,3.09,US,1676227315
47,albany,42.6001,-73.9662,8.3,41,97,0.45,US,1676227197
48,diego de almagro,-26.3667,-70.05,30.35,25,0,6.73,CL,1676227316
49,nikolskoye,59.7035,30.7861,-0.06,96,100,4.9,RU,1676227316
50,carnarvon,-24.8667,113.6333,25.47,66,0,9.61,AU,1676227317
51,boa vista,2.8197,-60.6733,31.99,45,75,6.69,BR,1676227183
52,uige,-7.6087,15.0613,20.77,95,100,1.81,AO,1676227317
53,deputatskiy,69.3,139.9,-38.57,100,94,0.77,RU,1676227318
54,cabedelo,-6.9811,-34.8339,31.37,71,100,6.1,BR,1676227318
55,georgetown,5.4112,100.3354,26.96,94,40,2.57,MY,1676227026
56,thompson,55.7435,-97.8558,-10.91,79,100,2.06,CA,1676227318
57,mahebourg,-20.4081,57.7,26.16,69,40,3.09,MU,1676227212
58,ribeira grande,38.5167,-28.7,15.22,63,75,8.94,PT,1676227319
59,kushmurun,52.4503,64.6311,-19.55,99,60,3.34,KZ,1676227319
60,port lincoln,-34.7333,135.8667,14.6,75,15,4.89,AU,1676227320
61,amahai,-3.3333,128.9167,25.39,82,100,2.72,ID,1676227320
62,inhambane,-23.865,35.3833,27.99,83,40,4.12,MZ,1676227320
63,yerbogachen,61.2767,108.0108,-18.8,99,67,2.53,RU,1676227321
64,krasnyy yar,46.5331,48.3456,-4.04,96,100,3.91,RU,1676227321
65,kodiak,57.79,-152.4072,-6.27,58,0,7.72,US,1676227322
66,eyl,7.9803,49.8164,23.35,75,0,7.72,SO,1676227322
67,muisne,0.6,-80.0333,27.34,74,100,3.48,EC,1676227322
68,sitka,57.0531,-135.33,3.94,87,100,4.63,US,1676227323
69,porto santo,33.072,-16.3415,17.21,77,40,3.6,PT,1676227323
70,samarai,-10.6167,150.6667,27.46,76,92,1.96,PG,1676227324
71,pisco,-13.7,-76.2167,26.12,78,40,3.6,PE,1676227324
72,kaitangata,-46.2817,169.8464,12.01,92,96,1.39,NZ,1676227324
73,bilibino,68.0546,166.4372,-35.58,99,71,2.0,RU,1676227325
74,kenai,60.5544,-151.2583,-2.17,94,100,3.6,US,1676227325
75,beyneu,45.3167,55.2,-3.88,64,38,4.57,KZ,1676227326
76,sao filipe,14.8961,-24.4956,21.55,78,100,3.21,CV,1676227326
77,nanortalik,60.1432,-45.2371,-7.82,64,100,5.83,GL,1676227327
78,atuntaqui,0.3333,-78.2167,19.78,61,78,1.84,EC,1676227327
79,maine-soroa,13.2114,12.0241,23.77,18,1,3.96,NE,1676227327
80,fairbanks,64.8378,-147.7164,-18.55,79,100,0.0,US,1676227328
81,olafsvik,64.8945,-23.7142,2.48,98,100,9.91,IS,1676227328
82,tura,25.5198,90.2201,16.12,43,0,0.37,IN,1676227329
83,cidreira,-30.1811,-50.2056,26.96,66,0,5.53,BR,1676227329
84,bluff,-46.6,168.3333,13.35,91,99,2.97,NZ,1676227330
85,kongolo,-5.3833,27.0,21.35,95,99,1.8,CD,1676227330
86,qaanaaq,77.484,-69.3632,-32.73,94,73,2.18,GL,1676227330
87,geraldton,-28.7667,114.6,21.23,78,0,5.14,AU,1676227331
88,norman wells,65.282,-126.8329,-23.98,70,100,1.03,CA,1676227331
89,mae ramat,16.984,98.5166,17.39,69,3,0.39,TH,1676227391
90,portland,45.5234,-122.6762,10.58,88,100,1.54,US,1676227392
91,tasiilaq,65.6145,-37.6368,-7.91,72,100,4.73,GL,1676227392
92,shorapur,16.5167,76.75,23.6,22,57,3.19,IN,1676227392
93,tuktoyaktuk,69.4541,-133.0374,-38.0,74,0,1.03,CA,1676227393
94,sechura,-5.5569,-80.8222,30.58,52,52,6.51,PE,1676227393
95,esperance,-33.8667,121.9,15.22,78,0,4.56,AU,1676227393
96,bowen,-20.0167,148.2333,25.59,75,7,2.96,AU,1676227394
97,ambon,-3.6954,128.1814,27.08,78,40,2.57,ID,1676227394
98,yar-sale,66.8333,70.8333,-11.83,93,74,7.92,RU,1676227395
99,xintai,35.9006,117.7519,0.3,61,100,5.47,CN,1676227231
100,saskylakh,71.9167,114.0833,-38.72,96,65,3.96,RU,1676227395
101,srednekolymsk,67.45,153.6833,-36.21,99,100,0.58,RU,1676227395
102,new norfolk,-42.7826,147.0587,11.72,65,1,0.45,AU,1676227396
103,mataura,-46.1927,168.8643,11.78,96,63,0.66,NZ,1676227396
104,katsuura,35.1333,140.3,14.01,87,100,7.05,JP,1676227396
105,fukue,32.6881,128.8419,13.55,92,100,10.95,JP,1676227397
106,hithadhoo,-0.6,73.0833,27.15,67,3,5.24,MV,1676227397
107,te anau,-45.4167,167.7167,11.73,91,34,0.34,NZ,1676227397
108,port alfred,-33.5906,26.891,22.88,93,100,2.68,ZA,1676227398
109,pevek,69.7008,170.3133,-30.06,93,100,0.93,RU,1676227398
110,lavrentiya,65.5833,-171.0,-28.73,92,100,2.68,RU,1676227399
111,biak,-0.9131,122.8766,25.11,77,100,1.63,ID,1676227399
112,katete,-0.7818,29.7544,23.23,42,95,2.41,UG,1676227400
113,dondo,-19.6094,34.7431,27.73,93,100,1.81,MZ,1676227400
114,tiksi,71.6872,128.8694,-41.57,100,71,1.45,RU,1676227400
115,jardim,-21.4803,-56.1381,26.11,73,100,2.01,BR,1676227401
116,beringovskiy,63.05,179.3167,-33.27,93,25,2.85,RU,1676227401
117,dingle,10.9995,122.6711,22.74,93,18,3.54,PH,1676227401
118,dubrovka,53.6907,33.5071,-7.69,92,19,4.02,RU,1676227402
119,cabo san lucas,22.8909,-109.9124,27.56,27,20,6.17,MX,1676227348
120,ilulissat,69.2167,-51.1,-22.99,54,0,3.09,GL,1676227402
121,kununurra,-15.7667,128.7333,24.99,94,84,0.0,AU,1676227403
122,huarmey,-10.0681,-78.1522,23.72,82,100,3.09,PE,1676227403
123,itarema,-2.9248,-39.9167,29.22,64,99,6.2,BR,1676227403
124,romitan,39.9343,64.3814,1.97,60,0,3.09,UZ,1676227404
125,hirara,24.8,125.2833,22.62,80,88,5.4,JP,1676227404
126,ust-tsilma,65.441,52.1498,-12.24,95,78,2.74,RU,1676227404
127,wajid,3.8093,43.2471,27.48,24,0,5.18,SO,1676227405
128,dergachi,51.2328,48.7659,-6.16,95,100,6.4,RU,1676227405
129,malko tarnovo,41.9833,27.5333,0.13,89,99,5.6,BG,1676227406
130,adrar,20.5022,-10.0711,30.07,9,100,6.19,MR,1676227406
131,torbay,47.6666,-52.7314,-3.73,66,75,7.72,CA,1676227407
132,hobart,-42.8794,147.3294,11.14,75,0,3.6,AU,1676227407
133,fortuna,40.5982,-124.1573,9.99,94,0,0.0,US,1676227408
134,moindou,-21.6924,165.677,23.63,66,91,3.04,NC,1676227408
135,broome,42.2506,-75.833,9.64,37,0,1.79,US,1676227468
136,chibombo,-14.6569,28.0706,18.53,91,100,1.2,ZM,1676227469
137,brazzaville,-4.2658,15.2832,23.65,79,100,0.72,CG,1676227469
138,waspan,14.7419,-83.9717,27.96,63,15,4.33,NI,1676227469
139,takanabe,32.1333,131.5,14.47,95,100,2.88,JP,1676227470
140,yeppoon,-23.1333,150.7333,24.88,88,0,1.36,AU,1676227470
141,yataity,-26.3667,-56.0667,38.43,23,17,2.98,PY,1676227471
142,kaa-khem,51.6833,94.7333,-21.48,93,100,1.11,RU,1676227471
143,lamar,33.6668,-95.5836,16.87,48,0,3.6,US,1676227471
144,aberdeen,57.1437,-2.0981,7.27,82,75,2.57,GB,1676227308
145,upernavik,72.7868,-56.1549,-25.52,93,100,2.76,GL,1676227472
146,provideniya,64.3833,-173.3,-29.06,93,87,3.25,RU,1676227472
147,nelson bay,-32.7167,152.15,23.03,86,94,5.81,AU,1676227329
148,mirnyy,62.5353,113.9611,-19.65,99,100,0.75,RU,1676227473
149,saint-augustin,51.226,-58.6502,-9.18,85,96,3.69,CA,1676227473
150,galesong,-5.3166,119.3661,24.01,85,100,4.37,ID,1676227473
151,mujiayingzi,42.1167,118.7833,-9.51,56,0,2.36,CN,1676227474
152,mount gambier,-37.8333,140.7667,13.77,63,100,2.6,AU,1676227474
153,faya,18.3851,42.4509,16.06,40,0,1.79,SA,1676227475
154,beloha,-25.1667,45.05,24.28,86,99,5.72,MG,1676227475
155,longyearbyen,78.2186,15.6401,-4.09,74,75,8.75,SJ,1676227391
156,nouadhibou,20.931,-17.0347,19.99,77,100,4.63,MR,1676227476
157,port elizabeth,-33.918,25.5701,23.39,88,100,7.2,ZA,1676227476
158,ayagoz,47.9714,80.4392,-23.07,100,100,1.98,KZ,1676227477
159,tateyama,34.9833,139.8667,13.96,94,75,3.6,JP,1676227478
160,surt,31.2089,16.5887,13.81,63,100,5.66,LY,1676227479
161,kibre mengist,5.8833,38.9833,14.65,26,0,1.14,ET,1676227479
162,ouadda,8.0777,22.4007,26.31,21,64,2.49,CF,1676227479
163,richards bay,-28.783,32.0377,25.87,84,100,5.82,ZA,1676227480
164,kenora,49.8167,-94.4337,0.54,74,75,5.14,CA,1676227480
165,dalbandin,28.8947,64.4101,11.98,23,7,1.82,PK,1676227480
166,castro,-24.7911,-50.0119,23.14,82,42,0.43,BR,1676227481
167,grenada,37.1882,-3.6067,11.2,40,20,2.57,ES,1676227353
168,tuatapere,-46.1333,167.6833,12.51,90,46,1.02,NZ,1676227481
169,sile,41.1754,29.6133,3.37,89,88,0.99,TR,1676227481
170,shenzhen,22.5455,114.0683,22.93,93,50,2.27,CN,1676227395
171,ancud,-41.8697,-73.8203,15.49,57,100,3.84,CL,1676227482
172,montrose,38.4166,-108.2673,2.47,57,100,0.5,US,1676227482
173,cherskiy,68.75,161.3,-41.88,100,88,0.9,RU,1676227483
174,talakan,50.3167,130.3667,-27.13,100,99,0.47,RU,1676227483
175,vestmannaeyjar,63.4427,-20.2734,8.55,93,100,14.4,IS,1676227484
176,san andres,12.5847,-81.7006,30.01,66,20,8.23,CO,1676227484
177,huntsville,34.7304,-86.5861,12.37,64,40,5.14,US,1676227313
178,hobyo,5.3505,48.5268,24.62,75,0,8.01,SO,1676227484
179,esmeraldas,-19.7625,-44.3139,29.58,65,100,0.92,BR,1676227545
180,vardo,70.3705,31.1107,-2.01,93,20,9.77,NO,1676227545
181,lincoln,40.8,-96.667,10.72,42,0,2.57,US,1676227421
182,nieuw amsterdam,5.8833,-55.0833,27.79,79,40,4.12,SR,1676227546
183,saint-philippe,-21.3585,55.7679,25.77,83,100,4.72,RE,1676227546
184,bandarbeyla,9.4942,50.8122,24.17,67,0,6.39,SO,1676227547
185,basco,20.4487,121.9702,25.03,78,9,8.24,PH,1676227547
186,berlevag,70.8578,29.0864,1.0,86,100,11.83,NO,1676227547
187,hilo,19.7297,-155.09,18.95,97,75,4.02,US,1676227395
188,mecca,21.4267,39.8261,22.17,68,0,3.48,SA,1676227502
189,sao felix do xingu,-6.6447,-51.995,30.0,69,32,1.58,BR,1676227548
190,tabou,4.423,-7.3528,27.17,82,7,2.74,CI,1676227548
191,kogon,39.7228,64.5517,2.02,60,0,3.09,UZ,1676227549
192,chuy,-33.6971,-53.4616,33.37,34,0,6.23,UY,1676227549
193,lugovoy,42.9472,72.7644,-10.37,78,17,2.45,KZ,1676227549
194,ambulu,-8.345,113.6058,23.82,94,100,4.36,ID,1676227550
195,bethel,41.3712,-73.414,9.17,39,0,0.45,US,1676227550
196,airai,-8.9266,125.4092,15.2,95,100,1.43,TL,1676227550
197,east london,-33.0153,27.9116,21.52,94,100,3.6,ZA,1676227551
198,kavaratti,10.5669,72.642,26.7,71,0,3.3,IN,1676227551
199,saint-ambroise,48.5501,-71.3324,-0.79,64,97,6.69,CA,1676227551
200,alofi,-19.0595,-169.9187,24.94,100,100,1.54,NU,1676227552
201,qaqortoq,60.7167,-46.0333,-12.54,72,100,2.12,GL,1676227552
202,cockburn town,21.4612,-71.1419,26.98,61,40,8.23,TC,1676227553
203,husavik,66.0449,-17.3389,1.0,77,100,4.79,IS,1676227553
204,taos,36.4072,-105.5731,10.67,42,0,1.54,US,1676227499
205,lashio,22.9333,97.75,11.0,56,0,0.85,MM,1676227553
206,bollnas,61.3482,16.3946,-1.88,93,100,1.78,SE,1676227554
207,waimana,-38.15,177.0833,18.36,92,100,7.23,NZ,1676227554
208,aklavik,68.2191,-135.0107,-32.0,68,75,0.0,CA,1676227554
209,araouane,18.9048,-3.5265,29.07,10,57,4.17,ML,1676227555
210,upington,-28.4478,21.2561,31.21,22,20,1.54,ZA,1676227555
211,howard springs,-12.497,131.047,23.95,99,100,1.4,AU,1676227555
212,puerto carreno,6.189,-67.4859,30.99,51,0,4.12,CO,1676227556
213,kuala terengganu,5.3302,103.1408,24.97,94,20,0.0,MY,1676227556
214,goba,7.0167,39.9833,10.14,32,0,1.89,ET,1676227556
215,marystown,47.1666,-55.1483,-2.26,84,100,9.43,CA,1676227389
216,sarahan,31.5167,77.8,-3.74,43,0,5.52,IN,1676227557
217,leningradskiy,69.3833,178.4167,-26.52,94,100,5.25,RU,1676227557
218,songkhla,6.8333,100.6667,23.03,93,63,0.76,TH,1676227558
219,emba,48.8264,58.1442,-12.28,94,100,2.86,KZ,1676227558
220,ponta do sol,32.6667,-17.1,18.35,80,58,2.47,PT,1676227558
221,coihaique,-45.5752,-72.0662,15.97,36,40,4.63,CL,1676227296
222,kendari,-3.945,122.4989,24.05,94,100,1.1,ID,1676227559
223,sondrio,46.169,9.8692,9.73,48,1,1.87,IT,1676227559
224,kitoy,52.6,103.9,-21.51,100,54,1.18,RU,1676227559
225,pangnirtung,66.1451,-65.7125,-34.0,37,0,1.03,CA,1676227560
226,kuching,1.55,110.3333,26.12,93,20,0.51,MY,1676227560
227,saint-pierre,-21.3393,55.4781,25.82,73,0,2.57,RE,1676227620
228,komsomolskiy,40.4272,71.7189,-1.6,80,73,3.09,UZ,1676227621
229,quatre cocos,-20.2078,57.7625,26.06,70,17,7.43,MU,1676227621
230,poyarkovo,49.6,128.6833,-28.07,100,100,1.47,RU,1676227621
231,jalu,29.0331,21.5482,12.6,44,66,3.67,LY,1676227622
232,rockhampton,-23.3833,150.5,24.94,83,75,2.57,AU,1676227605
233,miri,4.4148,114.0089,24.08,94,20,1.54,MY,1676227622
234,butaritari,3.0707,172.7902,26.49,82,87,5.48,KI,1676227623
235,cururupu,-1.8283,-44.8683,29.47,63,50,3.15,BR,1676227623
236,bubaque,11.2833,-15.8333,23.99,74,4,6.27,GW,1676227623
237,barpeta,26.3167,91.0,16.74,73,10,5.18,IN,1676227624
238,bialystok,53.1333,23.15,-0.21,82,19,1.79,PL,1676227624
239,moranbah,-22.0016,148.0466,23.44,74,8,5.07,AU,1676227625
240,francistown,-21.17,27.5079,26.36,46,99,6.37,BW,1676227625
241,nizhniy mamon,50.1937,40.5083,-5.42,94,98,6.25,RU,1676227626
242,bucksport,44.5737,-68.7956,6.73,49,18,0.45,US,1676227360
243,tuy hoa,13.0833,109.3,22.47,93,100,1.55,VN,1676227626
244,petropavlovsk-kamchatskiy,53.0452,158.6483,-20.67,71,0,5.0,RU,1676227507
245,port blair,11.6667,92.75,24.02,83,63,0.51,IN,1676227627
246,sendhwa,21.6833,75.1,20.45,23,0,2.14,IN,1676227627
247,palimbang,6.2106,124.1894,24.95,84,100,0.48,PH,1676227628
248,kudahuvadhoo,2.6708,72.8944,26.72,67,0,5.08,MV,1676227628
249,sirajganj,24.45,89.7167,19.45,49,0,3.82,BD,1676227628
250,balykshi,47.0667,51.8667,-7.0,93,40,6.0,KZ,1676227629
251,zemio,5.0314,25.1361,29.16,22,86,1.18,CF,1676227629
252,nagornyy,52.7959,83.5498,-6.98,94,100,4.7,RU,1676227630
253,iqaluit,63.7506,-68.5145,-30.15,67,20,3.09,CA,1676227630
254,saint-marc-des-carrieres,46.6834,-72.0491,2.04,64,100,2.57,CA,1676227630
255,anloga,5.7947,0.8973,28.19,80,10,6.38,GH,1676227631
256,ketchikan,55.3422,-131.6461,5.58,92,100,3.64,US,1676227631
257,tilichiki,60.4667,166.1,-20.23,87,100,4.1,RU,1676227631
258,khomutovo,52.4658,104.4025,-21.66,98,36,1.49,RU,1676227632
259,huilong,31.8111,121.655,6.63,94,100,7.68,CN,1676227632
260,talnakh,69.4865,88.3972,-12.71,93,100,8.01,RU,1676227632
261,egvekinot,66.3167,-179.1667,-25.95,86,100,4.28,RU,1676227633
262,clyde river,70.4692,-68.5914,-36.87,61,0,1.03,CA,1676227633
263,alice springs,-23.7,133.8833,22.75,38,0,3.6,AU,1676227634
264,san carlos de bariloche,-41.1456,-71.3082,18.86,45,75,9.26,AR,1676227618
265,adre,13.4667,22.2,24.07,15,7,6.01,TD,1676227634
266,jacareacanga,-6.2222,-57.7528,27.67,90,62,1.07,BR,1676227634
267,muros,42.7762,-9.0603,11.22,61,100,1.55,ES,1676227635
268,quebradillas,18.4738,-66.9385,29.27,70,1,5.36,PR,1676227635
269,toora-khem,52.4675,96.11,-26.82,100,99,0.52,RU,1676227635
270,kabompo,-13.5927,24.2008,19.37,81,100,1.43,ZM,1676227637
271,izhma,65.0083,53.9113,-13.33,95,66,3.39,RU,1676227638
272,malaya vishera,58.8454,32.2222,-2.79,96,100,4.82,RU,1676227638
273,linxia,35.6003,103.2064,-4.95,93,100,2.15,CN,1676227699
274,ciro marina,39.3732,17.126,10.93,65,89,9.3,IT,1676227699
275,viedma,-40.8135,-62.9967,33.41,17,0,3.36,AR,1676227699
276,pyinmana,19.7333,96.2167,18.39,38,0,1.86,MM,1676227700
277,kirakira,-10.4544,161.9205,26.86,84,99,2.78,SB,1676227700
278,bhag,29.0415,67.8239,17.35,16,15,1.69,PK,1676227700
279,bambous virieux,-20.3428,57.7575,26.14,69,40,3.09,MU,1676227701
280,poum,-20.2333,164.0167,25.44,64,99,6.07,NC,1676227701
281,yulara,-25.2406,130.9889,29.07,23,7,6.68,AU,1676227702
282,lebu,-37.6167,-73.65,19.09,66,12,4.49,CL,1676227693
283,nabire,-3.3667,135.4833,23.65,94,99,1.41,ID,1676227702
284,pathardi,19.1667,75.1833,21.62,28,4,2.8,IN,1676227702
285,sao joao da barra,-21.6403,-41.0511,30.05,87,100,5.83,BR,1676227703
286,maniitsoq,65.4167,-52.9,-20.49,89,15,3.7,GL,1676227703
287,ures,29.4333,-110.4,24.33,15,25,8.41,MX,1676227570
288,vila franca do campo,37.7167,-25.4333,16.23,84,67,3.55,PT,1676227704
289,severnyy,50.677,36.5532,-4.98,74,75,8.0,RU,1676227704
290,abnub,27.2696,31.1511,14.12,40,95,3.79,EG,1676227704
291,namibe,-15.1961,12.1522,23.35,78,0,6.69,AO,1676227705
292,sol-iletsk,51.1631,54.9918,-11.76,92,95,3.81,RU,1676227705
293,nioro,13.35,-15.75,34.53,15,100,2.28,GM,1676227706
294,zhigansk,66.7697,123.3711,-39.59,97,23,4.4,RU,1676227706
295,sisimiut,66.9395,-53.6735,-26.58,91,12,2.74,GL,1676227707
296,murgab,37.4966,61.9714,6.93,65,100,5.14,TM,1676227707
297,winburg,-28.518,27.0093,19.87,59,47,1.69,ZA,1676227707
298,denpasar,-8.65,115.2167,25.81,100,75,9.26,ID,1676227596
299,malakal,9.5334,31.6605,30.91,21,12,3.23,SS,1676227708
300,saldanha,-33.0117,17.9442,18.4,92,0,6.4,ZA,1676227708
301,juneau,58.3019,-134.4197,4.01,100,100,2.54,US,1676227472
302,lusambo,-4.9667,23.45,21.7,98,100,0.43,CD,1676227709
303,san juan bautista,-14.0108,-75.7358,29.36,51,100,5.56,PE,1676227709
304,porto novo,6.4965,2.6036,28.06,78,7,3.7,BJ,1676227710
305,meulaboh,4.1363,96.1285,24.61,88,100,2.01,ID,1676227710
306,goderich,43.7501,-81.7165,3.18,65,0,4.63,CA,1676227710
307,kampene,-3.6,26.6667,21.57,90,100,0.91,CD,1676227711
308,kroya,-7.6331,109.2461,24.78,84,100,1.08,ID,1676227711
309,alekseyevka,50.6309,38.6903,-5.26,92,100,8.15,RU,1676227712
310,chokurdakh,70.6333,147.9167,-33.8,95,100,1.11,RU,1676227712
311,freeport,40.6576,-73.5832,9.32,51,0,2.57,US,1676227587
312,gao,16.6362,1.637,27.67,13,0,5.16,ML,1676227713
313,balsas,-7.5325,-46.0356,34.36,30,16,2.59,BR,1676227713
314,tete,-16.1564,33.5867,25.08,100,40,0.0,MZ,1676227713
315,codcod,10.4581,123.2222,18.79,94,89,2.96,PH,1676227714
316,dumas,35.8656,-101.9732,19.23,15,0,7.2,US,1676227714
317,abu dhabi,24.4667,54.3667,22.06,60,0,1.54,AE,1676227624
318,lima,-12.0432,-77.0282,26.14,65,0,7.72,PE,1676227500
319,koutsouras,35.0339,25.9469,10.62,51,10,4.2,GR,1676227715
320,faanui,-16.4833,-151.75,27.45,75,100,4.94,PF,1676227715
321,shirokiy,49.758,129.523,-28.57,100,62,1.56,RU,1676227715
322,seoul,37.5683,126.9778,5.66,73,75,2.06,KR,1676227552
323,buin,-33.7333,-70.75,33.02,14,0,6.07,CL,1676227776
324,lorengau,-2.0226,147.2712,27.2,81,100,3.0,PG,1676227776
325,bemidji,47.4736,-94.8803,5.05,60,0,3.6,US,1676227777
326,antalaha,-14.9003,50.2788,23.77,91,8,2.78,MG,1676227777
327,presidencia roque saenz pena,-26.7852,-60.4388,41.41,18,0,4.5,AR,1676227778
328,verkhnyaya inta,65.9811,60.3094,-7.77,83,100,8.77,RU,1676227779
329,belyy yar,53.6039,91.3903,-23.06,84,100,0.0,RU,1676227779
330,salalah,17.0151,54.0924,24.05,53,0,1.03,OM,1676227780
331,jodhpur,26.2867,73.03,16.12,17,0,3.89,IN,1676227780
332,tabuk,17.4189,121.4443,19.61,94,85,1.86,PH,1676227780
333,manchester,53.4809,-2.2374,7.91,74,75,2.06,GB,1676227781
334,arraial do cabo,-22.9661,-42.0278,29.98,74,75,3.6,BR,1676227781
335,rognan,67.0953,15.3878,5.08,88,100,14.95,NO,1676227578
336,byron bay,-28.65,153.6167,23.86,85,72,1.54,AU,1676227671
337,pacific grove,36.6177,-121.9166,14.12,71,0,2.68,US,1676227782
338,prince rupert,54.3161,-130.3201,8.05,93,100,5.14,CA,1676227782
339,naryan-mar,67.6713,53.087,-6.83,93,100,6.82,RU,1676227782
340,victoria,22.2855,114.1577,22.19,96,53,1.79,HK,1676227768
341,hofn,64.2539,-15.2082,1.8,97,100,3.88,IS,1676227783
342,skjervoy,70.0311,20.9714,2.0,82,100,20.32,NO,1676227783
343,dutse,11.7594,9.3392,24.4,14,0,4.4,NG,1676227784
344,necochea,-38.5473,-58.7368,27.32,48,75,7.33,AR,1676227784
345,hue,16.4667,107.6,25.06,88,20,1.03,VN,1676227509
346,margate,51.3813,1.3862,7.72,78,1,1.34,GB,1676227785
347,gat,31.61,34.7642,11.38,77,77,1.23,IL,1676227785
348,santa lucia,27.9117,-15.5407,15.52,68,95,3.09,ES,1676227627
349,santarem,-2.4431,-54.7083,30.07,74,75,6.17,BR,1676227785
350,paracuru,-3.41,-39.0306,28.39,62,74,5.95,BR,1676227786
351,stavern,59.0,10.0333,6.16,83,100,3.95,NO,1676227786
352,rio grande,-32.035,-52.0986,34.06,55,0,6.42,BR,1676227787
353,severo-kurilsk,50.6789,156.125,-8.03,63,96,1.7,RU,1676227787
354,trinidad,-14.8333,-64.9,29.99,74,75,7.72,BO,1676227787
355,henties bay,-22.116,14.2845,19.35,83,0,4.02,NA,1676227788
356,ampanihy,-24.7,44.75,25.34,75,54,2.73,MG,1676227788
357,kjopsvik,68.097,16.3742,3.93,84,100,15.67,NO,1676227788
358,tucupita,9.0622,-62.051,28.08,63,88,3.45,VE,1676227789
359,baykit,61.67,96.37,-26.27,100,92,0.79,RU,1676227789
360,buriti bravo,-5.8372,-43.8336,31.52,52,97,1.69,BR,1676227789
361,kloulklubed,7.0419,134.2556,25.28,79,100,6.42,PW,1676227790
362,awjilah,29.1081,21.2869,12.8,44,27,4.01,LY,1676227790
363,manacapuru,-3.2997,-60.6206,29.14,74,37,2.2,BR,1676227791
364,bonnyville,54.2668,-110.735,-1.11,85,100,3.35,CA,1676227521
365,kungurtug,50.5994,97.5228,-25.15,93,31,1.1,RU,1676227791
366,hamilton,39.1834,-84.5333,12.95,23,0,8.75,US,1676227597
367,coquimbo,-29.9533,-71.3436,21.85,68,20,4.63,CL,1676227725
368,rabo de peixe,37.8,-25.5833,15.73,77,20,4.12,PT,1676227852
369,carutapera,-1.195,-46.02,28.75,69,76,3.65,BR,1676227852
370,kirkenes,69.7271,30.0458,0.12,86,0,8.23,NO,1676227852
371,novoagansk,61.9449,76.6625,-14.39,93,100,4.74,RU,1676227853
372,saint anthony,45.0205,-93.218,3.28,71,0,2.06,US,1676227853
373,klaksvik,62.2266,-6.589,8.51,83,100,11.93,FO,1676227853
374,vasto,42.1243,14.7059,7.86,70,66,5.57,IT,1676227854
375,palu,-0.8917,119.8707,23.74,96,100,1.0,ID,1676227777
376,hvide sande,56.0045,8.1294,7.27,91,20,7.08,DK,1676227854
377,dunedin,-45.8742,170.5036,14.33,80,100,0.45,NZ,1676227854
378,iralaya,15.0,-83.2333,26.97,68,0,6.43,HN,1676227855
379,caraballeda,10.6112,-66.8522,32.04,62,20,2.57,VE,1676227855
380,high level,58.5169,-117.136,-11.94,100,100,1.03,CA,1676227855
381,urengoy,65.9667,78.3667,-14.94,94,98,7.68,RU,1676227856
382,anito,12.4497,125.2886,25.4,80,11,4.76,PH,1676227856
383,north vernon,39.0062,-85.6236,12.38,29,0,3.21,US,1676227754
384,kruisfontein,-34.0033,24.7314,22.16,89,61,3.05,ZA,1676227857
385,alibag,18.6411,72.8792,29.04,39,4,2.99,IN,1676227857
386,gloucester,51.8657,-2.2431,8.45,77,0,1.79,GB,1676227857
387,perivolion,39.4206,20.0147,10.75,45,98,1.77,GR,1676227858
388,san quintin,30.4833,-115.95,12.59,67,100,3.25,MX,1676227575
389,luwuk,-0.9516,122.7875,25.77,78,100,1.57,ID,1676227858
390,pattani,6.75,100.4167,22.84,95,49,1.16,TH,1676227858
391,zyryanka,65.75,150.85,-40.52,100,90,0.35,RU,1676227859
392,orsha,54.5153,30.4053,-4.23,92,100,4.12,BY,1676227859
393,san patricio,28.017,-97.5169,18.93,34,100,3.01,US,1676227860
394,aljezur,37.3191,-8.8033,13.76,79,35,7.58,PT,1676227860
395,kandrian,-6.2167,149.55,25.69,88,100,4.0,PG,1676227860
396,innisfail,-17.5333,146.0333,24.06,81,95,0.95,AU,1676227861
397,kota bahru,6.1333,102.2386,23.97,94,20,0.0,MY,1676227861
398,rumboci,43.8322,17.5011,-0.4,97,98,2.86,BA,1676227862
399,nicoya,10.1483,-85.452,33.73,35,5,9.07,CR,1676227862
400,qunduz,36.729,68.857,4.85,48,97,1.07,AF,1676227863
401,kholm-zhirkovskiy,55.5189,33.4731,-8.42,96,87,2.94,RU,1676227863
402,kidal,18.4411,1.4078,27.64,14,80,5.15,ML,1676227863
403,vila velha,-20.3297,-40.2925,29.97,72,40,8.23,BR,1676227864
404,port macquarie,-31.4333,152.9167,19.38,92,35,4.54,AU,1676227649
405,svetlogorsk,52.6333,29.7333,-4.74,92,88,3.36,BY,1676227864
406,chapleau,47.8405,-83.4034,3.05,70,75,4.63,CA,1676227865
407,slave lake,55.2834,-114.769,0.99,64,100,3.6,CA,1676227865
408,tomigusuku,26.185,127.675,21.87,94,100,7.2,JP,1676227865
409,knysna,-34.0363,23.0471,20.75,91,0,1.96,ZA,1676227866
410,nurota,40.5614,65.6886,1.48,52,100,1.54,UZ,1676227866
411,murray bridge,-35.1167,139.2667,12.29,73,1,3.5,AU,1676227867
412,oussouye,12.485,-16.5469,34.1,59,100,6.96,SN,1676227867
413,ngunguru,-35.6167,174.5,19.66,96,100,16.87,NZ,1676227927
414,camacha,33.0833,-16.3333,15.68,77,40,3.6,PT,1676227928
415,abha,18.2164,42.5053,15.9,67,0,2.06,SA,1676227928
416,napier,-39.4833,176.9167,16.27,91,100,4.92,NZ,1676227929
417,rapid valley,44.0625,-103.1463,12.09,23,0,8.75,US,1676227929
418,lasa,46.6166,10.7002,8.49,77,14,0.86,IT,1676227930
419,khovu-aksy,51.1333,93.6,-17.73,89,100,1.78,RU,1676227930
420,khatanga,71.9667,102.5,-17.24,97,100,2.16,RU,1676227931
421,baherden,38.4362,57.4316,4.04,67,100,1.41,TM,1676227931
422,cayenne,4.9333,-52.3333,28.02,78,75,6.69,GF,1676227754
423,makat,47.6469,53.3463,-7.89,83,18,4.44,KZ,1676227932
424,rantoul,40.3084,-88.1559,11.13,42,0,3.6,US,1676227932
425,ati,13.2154,18.3353,26.16,13,0,5.45,TD,1676227932
426,solana beach,32.9912,-117.2711,16.25,58,64,3.13,US,1676227933
427,aswan,24.0934,32.907,18.61,29,0,5.14,EG,1676227933
428,kieta,-6.2167,155.6333,26.14,84,100,2.56,PG,1676227933
429,forrest city,35.0081,-90.7898,10.81,33,0,2.74,US,1676227934
430,port augusta,-32.5,137.7667,17.08,61,10,4.11,AU,1676227934
431,palmer,42.1584,-72.3287,9.72,33,75,0.45,US,1676227935
432,juiz de fora,-21.7642,-43.3503,24.08,84,92,2.56,BR,1676227935
433,swift current,50.2834,-107.8014,-0.55,74,0,5.14,CA,1676227935
434,mohelnice,49.777,16.9195,3.31,69,51,0.59,CZ,1676227936
435,gamba,-2.65,10.0,26.12,90,100,3.12,GA,1676227936
436,baruun-urt,46.6806,113.2792,-20.32,92,5,2.33,MN,1676227936
437,soeng sang,14.4264,102.4606,24.31,72,4,2.37,TH,1676227937
438,shiyan,32.6475,110.7781,4.65,97,100,1.13,CN,1676227844
439,casper,42.8666,-106.3131,-0.66,55,0,5.66,US,1676227937
440,avera,33.194,-82.5271,8.73,87,100,4.8,US,1676227937
441,porto nacional,-10.7081,-48.4172,32.0,41,12,1.75,BR,1676227938
442,sungaipenuh,-2.0833,101.3833,17.32,90,100,0.52,ID,1676227938
443,zilupe,56.3862,28.1217,-2.46,88,95,3.93,LV,1676227939
444,tulagi,-9.0996,160.1476,28.34,73,100,3.14,SB,1676227939
445,hay river,60.8156,-115.7999,-15.02,78,20,1.03,CA,1676227939
446,ust-ilimsk,58.0006,102.6619,-22.0,99,18,2.11,RU,1676227940
447,bondo,3.8146,23.6866,28.01,28,61,0.32,CD,1676227940
448,ostrovnoy,68.0531,39.5131,-3.98,86,100,12.09,RU,1676227940
449,toma,12.7667,-2.8833,29.58,9,0,4.51,BF,1676227941
450,vao,-22.6667,167.4833,24.58,63,13,8.8,NC,1676227942
451,ust-kalmanka,52.1207,83.305,-7.9,90,100,4.41,RU,1676227942
452,nyuzen,36.9333,137.5,5.26,82,100,4.6,JP,1676227942
453,terra roxa,-23.8557,-50.0314,24.1,85,93,2.62,BR,1676227876
454,marshalltown,42.0494,-92.908,10.13,49,0,5.66,US,1676227943
455,portoferraio,42.8115,10.3146,12.76,93,0,4.12,IT,1676227943
456,bonthe,7.5264,-12.505,26.59,74,0,5.09,SL,1676227944
457,wanaka,-44.7,169.15,12.84,79,7,0.89,NZ,1676227944
458,nishihara,26.1842,127.7558,21.6,94,100,7.2,JP,1676227944
459,valparaiso,-33.0393,-71.6273,23.8,58,0,6.69,CL,1676228005
460,port hardy,50.6996,-127.4199,6.1,93,100,4.63,CA,1676228005
461,taltal,-25.4,-70.4833,23.7,71,8,2.47,CL,1676228005
462,seredka,58.1584,28.1858,-0.14,92,100,4.69,RU,1676228006
463,codrington,-38.2667,141.9667,14.91,58,100,4.78,AU,1676228006
464,ixtapa,20.7,-105.2,32.23,30,0,4.12,MX,1676228007
465,mata,40.683,-7.4592,9.44,78,100,2.17,PT,1676228007
466,bismarck,46.8083,-100.7837,4.25,68,0,9.26,US,1676227835
467,shimoda,34.6667,138.95,11.72,89,100,3.64,JP,1676228008
468,praia da vitoria,38.7333,-27.0667,15.14,77,75,7.54,PT,1676228008
469,kontagora,10.3999,5.4695,29.76,10,0,2.95,NG,1676228008
470,cuenca,-2.8833,-78.9833,20.07,52,100,4.12,EC,1676227794
471,athabasca,54.7169,-113.2854,-0.77,88,100,3.66,CA,1676228009
472,soyo,-6.1349,12.3689,26.61,83,11,4.81,AO,1676228009
473,qasigiannguit,68.8193,-51.1922,-22.86,93,16,0.97,GL,1676228009
474,suba,10.8438,121.0102,26.61,79,13,10.59,PH,1676228010
475,half moon bay,37.4636,-122.4286,16.75,69,0,3.09,US,1676227869
476,paamiut,61.994,-49.6678,-17.19,83,7,7.22,GL,1676228010
477,marsh harbour,26.5412,-77.0636,24.96,72,2,10.91,BS,1676228011
478,orbetello,42.4408,11.2196,9.01,55,6,3.42,IT,1676228011
479,grindavik,63.8424,-22.4338,7.26,100,100,13.38,IS,1676228011
480,yertsevo,60.7966,40.086,-13.99,97,81,2.34,RU,1676228012
481,constitucion,-35.3333,-72.4167,20.02,69,22,6.81,CL,1676228012
482,sistranda,63.7256,8.834,5.98,93,100,10.57,NO,1676228012
483,bathsheba,13.2167,-59.5167,29.34,54,20,11.32,BB,1676228013
484,oranjestad,12.524,-70.027,27.97,69,75,11.32,AW,1676227814
485,varna,43.2167,27.9167,2.47,91,7,2.06,BG,1676227925
486,kurilsk,45.2333,147.8833,-5.82,78,81,5.44,RU,1676228013
487,buala,-8.145,159.5921,26.67,82,100,2.68,SB,1676228014
488,filingue,14.3521,3.3168,28.7,12,0,4.65,NE,1676228014
489,saint-honore,48.5334,-71.0824,-0.95,65,87,6.69,CA,1676228015
490,yaan,7.3833,8.5667,32.01,10,20,2.09,NG,1676228015
491,brae,60.3964,-1.353,8.14,84,100,10.06,GB,1676228015
492,monrovia,6.3005,-10.7969,29.87,87,9,2.33,LR,1676227944
493,canton,23.1167,113.25,22.15,88,93,3.65,CN,1676227958
494,gubkinskiy,64.434,76.5026,-14.85,93,93,8.65,RU,1676228016
495,shubarshi,48.5872,57.1869,-10.34,91,41,3.16,KZ,1676228016
496,pishin,30.5803,66.9961,6.97,29,6,0.83,PK,1676228017
497,mirzapur,25.15,82.5833,15.98,35,0,3.58,IN,1676228017
498,mogadishu,2.0371,45.3438,25.02,84,1,10.58,SO,1676228017
499,makakilo city,21.3469,-158.0858,22.88,71,40,6.69,US,1676228018
500,touros,-5.1989,-35.4608,29.12,66,100,6.66,BR,1676227995
501,tahe,52.3333,124.7333,-24.11,99,94,1.69,CN,1676228018
502,narsaq,60.9167,-46.05,-12.89,70,100,1.39,GL,1676228019
503,emporia,38.4039,-96.1817,14.11,30,0,8.23,US,1676227797
504,lockhart,28.6194,-81.4426,19.43,68,100,10.29,US,1676228079
505,la tuque,47.4334,-72.7824,0.14,64,100,1.03,CA,1676228074
506,san juan,-31.5375,-68.5364,39.91,17,0,2.59,AR,1676227946
507,papetoai,-17.4961,-149.8729,28.77,75,97,5.56,PF,1676228080
508,blackwater,-23.5833,148.8833,24.74,60,0,2.91,AU,1676228080
509,at-bashi,41.1702,75.8106,-19.47,71,1,1.91,KG,1676228080
510,berestechko,50.3605,25.1107,0.0,94,84,2.6,UA,1676228081
511,mulege,26.8833,-111.9833,22.46,25,20,0.56,MX,1676228081
512,bilkha,21.4333,70.6,21.85,26,1,3.4,IN,1676228081
513,ganzhou,28.8184,115.4327,10.15,91,89,2.79,CN,1676228082
514,port-cartier,50.0334,-66.8654,-2.36,73,59,5.46,CA,1676228082
515,kimbe,-5.5502,150.1429,24.92,93,100,0.37,PG,1676228082
516,havelock,34.8791,-76.9013,17.0,84,100,8.75,US,1676228083
517,vostok,46.4856,135.8833,-18.94,98,100,1.9,RU,1676228083
518,verkhnevilyuysk,63.4453,120.3167,-42.76,100,59,1.28,RU,1676228083
519,madison heights,42.4859,-83.1052,10.67,32,0,3.09,US,1676228084
520,minot,48.2325,-101.2963,1.12,69,0,8.23,US,1676228084
521,zafra,38.4167,-6.4167,8.34,69,18,3.15,ES,1676227902
522,axim,4.8699,-2.2405,27.24,84,7,2.85,GH,1676228084
523,malkapur,20.8833,76.2,21.24,22,0,2.26,IN,1676228085
524,okakarara,-20.5833,17.4333,26.35,29,63,3.64,NA,1676228085
525,kota kinabalu,5.9749,116.0724,24.99,88,20,2.06,MY,1676228086
526,pitimbu,-7.4706,-34.8086,31.33,71,100,5.66,BR,1676228086
527,roma,43.2128,-75.4557,8.18,47,100,0.45,US,1676227814
528,waipawa,-41.4122,175.5153,14.95,81,100,5.31,NZ,1676228086
529,lompoc,34.6391,-120.4579,14.36,65,75,3.6,US,1676228087
530,iracoubo,5.4802,-53.2011,25.89,85,95,5.58,GF,1676228087
531,dryden,49.7833,-92.7503,3.16,70,40,6.69,CA,1676228087
532,port-gentil,-0.7193,8.7815,28.98,84,40,3.6,GA,1676228088
533,dakar,14.6937,-17.4441,23.49,83,0,5.14,SN,1676227801
534,lerwick,60.1545,-1.1494,9.0,81,100,9.45,GB,1676228088
535,pandan,14.0453,124.1694,24.97,82,77,4.78,PH,1676228090
536,champerico,14.3,-91.9167,33.3,60,0,4.67,GT,1676228090
537,alenquer,-1.9417,-54.7383,29.44,69,99,0.42,BR,1676228090
538,moose factory,51.2585,-80.6094,-14.0,78,100,4.12,CA,1676228091
539,el tigre,8.8875,-64.2454,31.96,38,41,6.12,VE,1676228092
540,strelka,58.0728,93.0344,-27.19,100,90,1.15,RU,1676228093
541,vaitape,-16.5167,-151.75,27.47,75,98,4.93,PF,1676228093
542,krasnoselkup,65.7,82.4667,-13.94,92,100,9.66,RU,1676228093
543,lalmohan,22.3384,90.7419,22.12,89,0,3.13,BD,1676228094
544,paita,-5.0892,-81.1144,28.13,61,18,5.88,PE,1676228094
545,yarim,14.298,44.3779,11.44,21,0,2.32,YE,1676228094
546,kaeo,-35.1,173.7833,18.51,95,100,9.97,NZ,1676228095
547,pereslavl-zalesskiy,56.7393,38.8563,-16.47,100,97,2.41,RU,1676228095
548,yazd,31.8972,54.3675,5.06,60,20,2.06,IR,1676228095
549,bentiu,9.2333,29.8333,30.45,21,9,2.43,SS,1676228096
550,oistins,13.0667,-59.5333,29.05,54,20,11.32,BB,1676228096
551,suixi,33.8907,116.7747,3.58,96,100,5.64,CN,1676228096
552,isangel,-19.55,169.2667,25.06,88,100,4.12,VU,1676228097
553,nemuro,43.3236,145.575,-3.41,85,100,6.27,JP,1676228157
554,morondava,-20.2833,44.2833,26.87,79,100,5.73,MG,1676228158
555,ballina,-28.8667,153.5667,23.9,99,78,1.69,AU,1676228158
556,bengkulu,-3.8004,102.2655,23.82,84,99,2.65,ID,1676228159
557,vegreville,53.5001,-112.0518,-1.61,69,100,5.14,CA,1676228159
558,jiuquan,39.7432,98.5174,-4.37,51,100,1.37,CN,1676228159
559,khasan,42.4308,130.6434,-6.35,80,10,2.95,RU,1676228160
